contractSymbol,lastTradeDate,strike,lastPrice,bid,ask,change,volume,openInterest,impliedVolatility,currency,Expiry Date,days to expiry
SPXW230911C04460000,2023-08-30 14:45:33+00:00,4460,68.3,75.1,77.4,3.5,107,211,0.1323023782,USD,2023-09-11,12
SPXW230911C04470000,2023-08-30 16:18:32+00:00,4470,69,68,69.6,14.830002,207,223,0.1286860814,USD,2023-09-11,12
SPXW230911C04500000,2023-08-30 19:22:14+00:00,4500,43.76,46.5,47.4,5.0999985,971,1379,0.1164333963,USD,2023-09-11,12
SPXW230911C04515000,2023-08-30 19:58:39+00:00,4515,34.65,37,38,4.700001,68,70,0.1119549865,USD,2023-09-11,12
SPXW230911C04520000,2023-08-30 19:57:03+00:00,4520,30.77,34.2,35.2,2.6499996,65,711,0.1108487354,USD,2023-09-11,12
SPXW230911C04525000,2023-08-30 19:57:03+00:00,4525,28.27,31.4,32.3,2.92,127,734,0.1091321387,USD,2023-09-11,12
SPXW230911C04530000,2023-08-30 19:52:57+00:00,4530,26.41,28.8,29.7,2.3899994,77,266,0.1079724824,USD,2023-09-11,12
SPXW230911C04540000,2023-08-30 19:39:49+00:00,4540,22.8,24,25,2.5999985,135,381,0.1061376313,USD,2023-09-11,12
SPXW230911C04545000,2023-08-30 19:39:04+00:00,4545,20.92,21.8,22.8,3.2199993,289,378,0.1051572639,USD,2023-09-11,12
SPXW230911C04550000,2023-08-30 20:09:36+00:00,4550,19.58,19.9,20.5,3.6099997,309,2197,0.1034864433,USD,2023-09-11,12
SPXW230911C04555000,2023-08-30 19:52:46+00:00,4555,16.1,17.9,18.7,3.3900003,405,161,0.1030363135,USD,2023-09-11,12
SPXW230911C04560000,2023-08-30 19:24:25+00:00,4560,15.93,16.1,16.9,2.8600006,64,80,0.1022199764,USD,2023-09-11,12
SPXW230911C04570000,2023-08-30 17:47:12+00:00,4570,13.57,13,13.7,8.539999,490,59,0.1008009232,USD,2023-09-11,12
SPXW230911C04600000,2023-08-30 20:03:04+00:00,4600,6.1,6.3,6.7,0.69000006,133,516,0.0970625573,USD,2023-09-11,12
SPXW230911C04620000,2023-08-30 19:58:54+00:00,4620,3.5,3.6,4,0.049999952,126,130,0.09592578888,USD,2023-09-11,12
SPXW230911C04650000,2023-08-30 20:00:15+00:00,4650,1.7,1.6,1.9,0.19000006,68,317,0.09699389343,USD,2023-09-11,12
SPXW230911C04675000,2023-08-30 19:46:23+00:00,4675,1,0.85,1.1,-0.100000024,102,202,0.1000151035,USD,2023-09-11,12
SPXW230912C04500000,2023-08-30 17:54:11+00:00,4500,46.2,48.6,50.1,6.6500015,177,730,0.1199428827,USD,2023-09-12,13
SPXW230912C04510000,2023-08-30 19:43:03+00:00,4510,40.35,42.1,43.9,5.6499977,58,64,0.1174557249,USD,2023-09-12,13
SPXW230912C04525000,2023-08-30 16:50:27+00:00,4525,35.7,33.7,34.9,9.5,366,884,0.112565332,USD,2023-09-12,13
SPXW230912C04530000,2023-08-30 19:01:32+00:00,4530,31.92,31.2,32.1,6.9699993,137,114,0.1109250285,USD,2023-09-12,13
SPXW230912C04540000,2023-08-30 18:25:17+00:00,4540,23.75,26.3,27.2,0.8999996,140,103,0.1087239702,USD,2023-09-12,13
SPXW230912C04550000,2023-08-30 19:58:51+00:00,4550,20.7,22,22.6,2.1000004,1363,1522,0.1061109287,USD,2023-09-12,13
SPXW230912C04600000,2023-08-30 20:07:52+00:00,4600,7.34,7.6,8,0.44000006,170,272,0.09948105118,USD,2023-09-12,13
SPXW230912C04650000,2023-08-30 20:08:31+00:00,4650,2.15,2.15,2.4,0,192,141,0.09826036026,USD,2023-09-12,13
SPXW230913C04475000,2023-08-30 16:15:48+00:00,4475,70.96,69.9,70.8,10.489998,53,184,0.1327486934,USD,2023-09-13,14
SPXW230913C04500000,2023-08-30 19:41:28+00:00,4500,50.1,52.2,53.7,6.049999,444,1551,0.1258403457,USD,2023-09-13,14
SPXW230913C04520000,2023-08-30 19:44:44+00:00,4520,38.2,40.1,41.3,4.119999,232,264,0.1199123654,USD,2023-09-13,14
SPXW230913C04525000,2023-08-30 19:34:08+00:00,4525,36,37.3,38.2,6.950001,899,724,0.1178181176,USD,2023-09-13,14
SPXW230913C04540000,2023-08-30 17:59:42+00:00,4540,28.77,29.7,30.7,6.870001,79,87,0.1148960887,USD,2023-09-13,14
SPXW230913C04550000,2023-08-30 19:36:32+00:00,4550,24.54,25.4,26.1,2.540001,108,336,0.1126797717,USD,2023-09-13,14
SPXW230913C04570000,2023-08-30 20:20:28+00:00,4570,16.15,17.7,18.6,1.3799992,300,352,0.1097119669,USD,2023-09-13,14
SPXW230913C04575000,2023-08-30 19:12:44+00:00,4575,16.5,16.1,16.9,3.4799995,850,93,0.1087430435,USD,2023-09-13,14
SPXW230913C04600000,2023-08-30 20:07:24+00:00,4600,9.4,9.7,10.3,1.4499998,969,728,0.1055845058,USD,2023-09-13,14
SPXW230913C04650000,2023-08-30 19:38:08+00:00,4650,3.25,3.1,3.5,-0.049999952,1268,90,0.1036161417,USD,2023-09-13,14
SPXW230914C04475000,2023-08-30 16:15:48+00:00,4475,73.66,72.4,73.4,10.910004,63,221,0.1358233086,USD,2023-09-14,15
SPXW230914C04490000,2023-08-30 16:16:17+00:00,4490,61.25,61.6,62.6,8.41,288,53,0.13071548,USD,2023-09-14,15
SPXW230914C04550000,2023-08-30 18:26:27+00:00,4550,24.93,27.7,28.3,2.2299995,73,776,0.115239408,USD,2023-09-14,15
SPXW230914C04600000,2023-08-30 20:25:51+00:00,4600,10.38,11.4,11.8,1.6800003,624,349,0.1078885599,USD,2023-09-14,15
SPXW230914C04650000,2023-08-30 19:55:00+00:00,4650,3.7,3.9,4.2,0.20000005,104,269,0.1050199362,USD,2023-09-14,15
SPX230915C04250000,2023-08-30 15:24:46+00:00,4250,270.1,260.9,297.4,17.210007,53,10812,0.3229132651,USD,2023-09-15,16
SPXW230915C04370000,2023-08-30 15:35:50+00:00,4370,159.69,163.7,165.5,10.330002,56,563,0.1847234238,USD,2023-09-15,16
SPX230915C04400000,2023-08-30 20:03:23+00:00,4400,133.95,130.4,142.4,12.549995,164,67321,0.1839147161,USD,2023-09-15,16
SPX230915C04440000,2023-08-30 19:37:58+00:00,4440,99.92,87.6,117.9,13.169998,84,11140,0.1933979587,USD,2023-09-15,16
SPXW230915C04450000,2023-08-30 19:55:14+00:00,4450,89.65,93.6,95.3,7.75,86,3761,0.1479195927,USD,2023-09-15,16
SPX230915C04470000,2023-08-30 18:30:01+00:00,4470,70.28,66.7,91.2,2.8899994,218,7635,0.1715590352,USD,2023-09-15,16
SPXW230915C04475000,2023-08-30 20:05:00+00:00,4475,72.4,74.4,75.1,7.2000046,88,1806,0.1363688049,USD,2023-09-15,16
SPXW230915C04485000,2023-08-30 19:39:02+00:00,4485,65.21,67.2,67.8,5.91,62,333,0.1328783918,USD,2023-09-15,16
SPXW230915C04490000,2023-08-30 20:08:37+00:00,4490,62.2,63.9,64.6,6.7700005,381,1265,0.132069684,USD,2023-09-15,16
SPXW230915C04500000,2023-08-30 20:08:53+00:00,4500,55.69,57,58.3,6.989998,729,3557,0.1301470958,USD,2023-09-15,16
SPXW230915C04505000,2023-08-30 20:00:25+00:00,4505,52.2,53.9,54.5,7,416,689,0.1272212523,USD,2023-09-15,16
SPXW230915C04510000,2023-08-30 20:04:56+00:00,4510,49.04,50.6,51.9,6.4400024,169,517,0.1271983643,USD,2023-09-15,16
SPXW230915C04515000,2023-08-30 20:02:47+00:00,4515,46.48,47.8,48.6,6.25,205,1118,0.1251689657,USD,2023-09-15,16
SPXW230915C04520000,2023-08-30 19:41:29+00:00,4520,42.9,44.9,45.8,5.9800034,139,604,0.1242153009,USD,2023-09-15,16
SPXW230915C04525000,2023-08-30 20:14:13+00:00,4525,41.48,42,42.9,7.290001,303,1825,0.1227962477,USD,2023-09-15,16
SPXW230915C04530000,2023-08-30 19:45:25+00:00,4530,36.83,39.3,39.9,3.300003,483,781,0.1208889182,USD,2023-09-15,16
SPXW230915C04535000,2023-08-30 19:50:02+00:00,4535,34,36.7,37.3,3.5,126,498,0.1197902963,USD,2023-09-15,16
SPXW230915C04540000,2023-08-30 19:50:02+00:00,4540,31.63,34.3,35,2.369999,326,667,0.1192409854,USD,2023-09-15,16
SPXW230915C04545000,2023-08-30 20:00:00+00:00,4545,30.6,31.8,32.6,4.800001,126,495,0.1181995835,USD,2023-09-15,16
SPXW230915C04550000,2023-08-30 20:09:19+00:00,4550,29,29.5,30.1,4.1000004,507,5841,0.1166432026,USD,2023-09-15,16
SPXW230915C04555000,2023-08-30 19:54:25+00:00,4555,24.9,27.4,28,2,113,918,0.1159069733,USD,2023-09-15,16
SPXW230915C04560000,2023-08-30 20:08:25+00:00,4560,24.5,25.3,25.9,3.2000008,162,1476,0.1149227913,USD,2023-09-15,16
SPXW230915C04565000,2023-08-30 19:56:10+00:00,4565,21.7,23.3,24.1,2,181,430,0.1145260667,USD,2023-09-15,16
SPXW230915C04570000,2023-08-30 19:54:25+00:00,4570,19.5,21.5,22.3,1.1499996,151,1676,0.1138775747,USD,2023-09-15,16
SPXW230915C04575000,2023-08-30 19:54:25+00:00,4575,17.9,19.8,20.5,1.6999989,300,2453,0.1129735005,USD,2023-09-15,16
SPXW230915C04580000,2023-08-30 19:46:05+00:00,4580,17,18.2,18.7,2.2799997,646,1957,0.1117871415,USD,2023-09-15,16
SPX230915C04585000,2023-08-30 19:11:22+00:00,4585,16.35,15.6,16.9,3.3000002,817,10093,0.1102917951,USD,2023-09-15,16
SPXW230915C04590000,2023-08-30 19:56:11+00:00,4590,14.14,15.1,15.6,1.1400003,314,1182,0.1100934328,USD,2023-09-15,16
SPX230915C04595000,2023-08-30 19:11:22+00:00,4595,13.65,12.9,14.1,2.9499998,172,10133,0.1089642937,USD,2023-09-15,16
SPX230915C04600000,2023-08-30 20:02:20+00:00,4600,10.86,11.7,12.9,1.3599997,6743,52936,0.1085599399,USD,2023-09-15,16
SPXW230915C04605000,2023-08-30 18:15:03+00:00,4605,11.2,11.4,12.1,1.7799997,107,1407,0.1093381303,USD,2023-09-15,16
SPXW230915C04610000,2023-08-30 19:59:16+00:00,4610,9.99,10.4,10.8,0.9899998,110,684,0.1080411462,USD,2023-09-15,16
SPXW230915C04615000,2023-08-30 20:01:12+00:00,4615,09.06,9.4,10,0.44000053,209,496,0.1083692069,USD,2023-09-15,16
SPX230915C04620000,2023-08-30 20:01:45+00:00,4620,7.72,7.8,8.7,1.1199999,338,2804,0.1064008428,USD,2023-09-15,16
SPXW230915C04625000,2023-08-30 20:11:07+00:00,4625,7.6,7.7,8.2,1.0999999,332,1413,0.1074918353,USD,2023-09-15,16
SPX230915C04630000,2023-08-30 19:55:56+00:00,4630,6.2,6.4,7,0.7999997,118,6291,0.1052106692,USD,2023-09-15,16
SPXW230915C04640000,2023-08-30 19:59:33+00:00,4640,5.5,5.6,6,0.6999998,68,1092,0.106332179,USD,2023-09-15,16
SPXW230915C04650000,2023-08-30 19:37:21+00:00,4650,4.9,4.6,4.9,0.6600003,248,1712,0.1060880408,USD,2023-09-15,16
SPX230915C04655000,2023-08-30 19:54:27+00:00,4655,3.6,3.7,4.1,0.19999981,101,534,0.1039823489,USD,2023-09-15,16
SPXW230915C04660000,2023-08-30 20:09:04+00:00,4660,3.73,3.7,4,0.07999992,213,740,0.1060270062,USD,2023-09-15,16
SPXW230915C04670000,2023-08-30 19:59:16+00:00,4670,03.05,3,3.3,0.049999952,92,659,0.1063932135,USD,2023-09-15,16
SPX230915C04675000,2023-08-30 19:55:00+00:00,4675,2.45,2.4,2.75,0.1500001,4369,4988,0.104607953,USD,2023-09-15,16
SPX230915C04700000,2023-08-30 20:12:57+00:00,4700,1.57,1.45,1.75,0.07000005,977,24662,0.1068509726,USD,2023-09-15,16
SPX230915C04710000,2023-08-30 19:59:59+00:00,4710,1.35,1.2,1.45,0.100000024,74,599,0.1076444217,USD,2023-09-15,16
SPX230915C04715000,2023-08-30 19:58:12+00:00,4715,1.25,1.1,1.35,0.100000024,184,2983,0.1084683881,USD,2023-09-15,16
SPXW230915C04725000,2023-08-30 16:34:23+00:00,4725,1.35,01.05,1.25,0.25,187,934,0.1113370117,USD,2023-09-15,16
SPXW230915C04735000,2023-08-30 14:39:17+00:00,4735,1,0.9,1.1,0.14999998,77,3057,0.1131985654,USD,2023-09-15,16
SPX230915C04740000,2023-08-30 20:04:36+00:00,4740,0.8,0.7,0.95,0,925,2558,0.1126187372,USD,2023-09-15,16
SPX230915C04745000,2023-08-30 19:54:18+00:00,4745,0.8,0.65,0.9,0.050000012,636,837,0.113717359,USD,2023-09-15,16
SPX230915C04750000,2023-08-30 19:54:15+00:00,4750,0.75,0.6,0.85,0.050000012,415,19876,0.114724429,USD,2023-09-15,16
SPXW230915C04775000,2023-08-30 19:44:24+00:00,4775,0.65,0.5,0.7,0.19999999,173,433,0.1211940909,USD,2023-09-15,16
SPX230915C04820000,2023-08-30 14:17:01+00:00,4820,0.4,0.25,0.5,0.050000012,111,602,0.1322108264,USD,2023-09-15,16
SPX230915C04950000,2023-08-30 14:34:56+00:00,4950,0.15,0.1,0.25,0,302,3472,0.1643149976,USD,2023-09-15,16
SPX230915C05150000,2023-08-30 16:18:12+00:00,5150,0.05,0,0.15,0,90,3086,0.2148516016,USD,2023-09-15,16
SPXW230918C04500000,2023-08-30 20:08:53+00:00,4500,58.04,59.3,60.4,6.2400017,147,430,0.12500875,USD,2023-09-18,19
SPXW230918C04530000,2023-08-30 19:00:05+00:00,4530,42.26,41.6,42.5,6.699997,73,56,0.1176540872,USD,2023-09-18,19
SPXW230918C04545000,2023-08-30 19:52:24+00:00,4545,31.35,33.8,34.9,2.42,67,73,0.1145871013,USD,2023-09-18,19
SPXW230918C04550000,2023-08-30 19:21:51+00:00,4550,30.52,31.7,32.6,2.9500008,79,239,0.1137135443,USD,2023-09-18,19
SPXW230918C04570000,2023-08-30 20:08:36+00:00,4570,22.77,23.4,24.3,4.620001,87,167,0.1102841658,USD,2023-09-18,19
SPXW230918C04575000,2023-08-30 20:14:13+00:00,4575,21.53,21.5,22.4,3.33,51,50,0.1093037984,USD,2023-09-18,19
SPXW230918C04610000,2023-08-30 19:37:34+00:00,4610,11.87,11.7,12.4,2.3499994,122,122,0.1050962294,USD,2023-09-18,19
SPXW230918C04650000,2023-08-30 19:53:52+00:00,4650,5,5.3,5.8,0.4000001,90,388,0.102448856,USD,2023-09-18,19
SPXW230918C04700000,2023-08-30 17:48:56+00:00,4700,2.28,1.95,2.25,0.56999993,65,117,0.103433038,USD,2023-09-18,19
SPXW230919C04500000,2023-08-30 16:54:59+00:00,4500,62.02,61.4,63.2,9.100002,509,236,0.1285258657,USD,2023-09-19,20
SPXW230919C04540000,2023-08-30 19:27:11+00:00,4540,37.3,38.1,39.2,4.59,516,23,0.1171848841,USD,2023-09-19,20
SPXW230920C04360000,2023-08-30 18:59:16+00:00,4360,178.29,177.1,181.7,13.719986,74,0,0.1887364452,USD,2023-09-20,21
SPXW230920C04500000,2023-08-30 20:09:11+00:00,4500,64.7,65.4,66.4,7.0499954,65,4881,0.1328593185,USD,2023-09-20,21
SPXW230920C04650000,2023-08-30 18:59:35+00:00,4650,8.2,7.5,8.1,2.62,110,60,0.1078351546,USD,2023-09-20,21
SPXW230920C04700000,2023-08-30 20:00:39+00:00,4700,3,3,3.3,02.09,94,45,0.1068967485,USD,2023-09-20,21
SPXW230921C04430000,2023-08-30 20:09:11+00:00,4430,119.8,119.2,123.2,13.460007,106,101,0.1630828627,USD,2023-09-21,22
SPXW230921C04440000,2023-08-30 13:32:08+00:00,4440,105.59,111.5,115.6,8.789993,100,128,0.1606834421,USD,2023-09-21,22
SPXW230922C04310000,2023-08-30 17:18:16+00:00,4310,229.44,228.9,231.5,99.28,180,384,0.2134096604,USD,2023-09-22,23
SPXW230922C04350000,2023-08-30 14:21:51+00:00,4350,185.75,192.2,194.1,8.960007,631,761,0.1945423564,USD,2023-09-22,23
SPXW230922C04400000,2023-08-30 19:51:35+00:00,4400,144.01,147.9,149.7,8.599991,597,895,0.1740881542,USD,2023-09-22,23
SPXW230922C04440000,2023-08-30 14:21:51+00:00,4440,110.1,114.6,116.2,7.3799973,630,778,0.1587227073,USD,2023-09-22,23
SPXW230922C04475000,2023-08-30 19:40:01+00:00,4475,85.7,87.7,88.8,7.7999954,71,996,0.1456460558,USD,2023-09-22,23
SPXW230922C04490000,2023-08-30 19:51:35+00:00,4490,74.05,77.1,78.2,5.300003,563,851,0.1411142408,USD,2023-09-22,23
SPXW230922C04500000,2023-08-30 19:39:59+00:00,4500,68.52,70.5,71.6,6.609997,249,2107,0.1385317166,USD,2023-09-22,23
SPXW230922C04505000,2023-08-30 15:38:27+00:00,4505,68,67.1,68.5,11,126,517,0.1374865,USD,2023-09-22,23
SPXW230922C04510000,2023-08-30 19:39:59+00:00,4510,62.27,63.9,65.2,6.209999,140,691,0.1358767138,USD,2023-09-22,23
SPXW230922C04515000,2023-08-30 19:40:27+00:00,4515,59.4,60.8,62.1,5.0699997,167,321,0.1345682858,USD,2023-09-22,23
SPXW230922C04520000,2023-08-30 19:40:10+00:00,4520,56.4,57.9,58.9,5.700001,371,620,0.1329050944,USD,2023-09-22,23
SPXW230922C04525000,2023-08-30 18:51:49+00:00,4525,55,54.9,56.1,7.200001,215,963,0.1319705029,USD,2023-09-22,23
SPXW230922C04540000,2023-08-30 18:29:54+00:00,4540,42.9,46.5,47.6,2.050003,59,338,0.1280566626,USD,2023-09-22,23
SPXW230922C04550000,2023-08-30 20:00:10+00:00,4550,40.2,41.5,42.4,5,475,1908,0.125691574,USD,2023-09-22,23
SPXW230922C04555000,2023-08-30 18:11:05+00:00,4555,36.4,39,40,3.2000008,202,484,0.1247112066,USD,2023-09-22,23
SPXW230922C04565000,2023-08-30 18:07:52+00:00,4565,32.1,34.3,35.1,2.499998,62,389,0.1220066133,USD,2023-09-22,23
SPXW230922C04570000,2023-08-30 19:09:08+00:00,4570,33.15,32.3,33.3,6.050001,72,772,0.1218883588,USD,2023-09-22,23
SPXW230922C04575000,2023-08-30 19:04:43+00:00,4575,31.55,30.1,30.9,6.25,766,714,0.1202022795,USD,2023-09-22,23
SPXW230922C04580000,2023-08-30 19:59:50+00:00,4580,27.26,28.2,29.2,3.0599995,242,578,0.1199886586,USD,2023-09-22,23
SPXW230922C04585000,2023-08-30 19:58:43+00:00,4585,25.2,26.3,27,3.2000008,80,312,0.1183903164,USD,2023-09-22,23
SPXW230922C04590000,2023-08-30 19:59:55+00:00,4590,24.02,24.5,25.2,3.6200008,52,378,0.1175739794,USD,2023-09-22,23
SPXW230922C04600000,2023-08-30 19:59:55+00:00,4600,20.82,21.2,21.9,3.1900005,519,1498,0.1161358529,USD,2023-09-22,23
SPXW230922C04610000,2023-08-30 19:56:07+00:00,4610,17.33,18.3,19,0.8299999,51,402,0.1150067138,USD,2023-09-22,23
SPXW230922C04620000,2023-08-30 19:54:06+00:00,4620,14.5,15.6,16.3,1.1000004,151,451,0.1136715831,USD,2023-09-22,23
SPXW230922C04625000,2023-08-30 19:54:26+00:00,4625,13.3,14.4,15.2,1.2300005,174,384,0.1134503329,USD,2023-09-22,23
SPXW230922C04630000,2023-08-30 19:54:26+00:00,4630,12.3,13.2,13.9,1.0500002,495,623,0.1124280042,USD,2023-09-22,23
SPXW230922C04640000,2023-08-30 19:54:26+00:00,4640,10.4,11.3,11.9,0.14999962,106,461,0.1116727017,USD,2023-09-22,23
SPXW230922C04650000,2023-08-30 19:54:26+00:00,4650,8.8,9.5,10,0.5,367,1494,0.1104748988,USD,2023-09-22,23
SPXW230922C04675000,2023-08-30 19:54:30+00:00,4675,5.8,6.1,6.5,0.4000001,203,674,0.1088117074,USD,2023-09-22,23
SPXW230922C04680000,2023-08-30 19:54:27+00:00,4680,5.3,5.5,6,0.4000001,130,1021,0.1088117074,USD,2023-09-22,23
SPXW230922C04690000,2023-08-30 19:25:30+00:00,4690,4.9,4.6,5.1,0.7000003,58,181,0.108826966,USD,2023-09-22,23
SPXW230922C04700000,2023-08-30 20:00:10+00:00,4700,3.9,3.8,4.3,0.4000001,189,1208,0.1087430435,USD,2023-09-22,23
SPXW230922C04710000,2023-08-30 16:36:20+00:00,4710,3.8,3.2,3.6,0.5799999,91,144,0.1085904572,USD,2023-09-22,23
SPXW230922C04720000,2023-08-30 19:35:55+00:00,4720,2.93,2.7,3.1,0.16000009,339,55,0.1092008026,USD,2023-09-22,23
SPXW230922C04725000,2023-08-30 19:35:03+00:00,4725,2.68,2.45,2.85,0.18000007,335,97,0.1093076131,USD,2023-09-22,23
SPXW230922C04730000,2023-08-30 17:23:41+00:00,4730,2.6,2.25,2.6,0.29999995,74,81,0.1092618372,USD,2023-09-22,23
SPXW230922C04775000,2023-08-30 14:04:05+00:00,4775,1.5,1.15,1.35,0.44000006,133,118,0.1128018408,USD,2023-09-22,23
SPXW230922C04800000,2023-08-30 19:44:33+00:00,4800,0.95,0.8,01.05,0.61,63,319,0.1167996036,USD,2023-09-22,23
SPXW230925C04550000,2023-08-30 17:52:03+00:00,4550,42.29,43.1,44.1,4.4400024,455,1382,0.1220562038,USD,2023-09-25,26
SPXW230929C04000000,2023-08-30 15:43:44+00:00,4000,526.75,535,537.3,90.73001,1000,6688,0.3393162993,USD,2023-09-29,30
SPXW230929C04400000,2023-08-30 19:23:27+00:00,4400,155.91,157,158.8,10.710007,193,6443,0.1735121407,USD,2023-09-29,30
SPXW230929C04440000,2023-08-30 19:00:00+00:00,4440,124.85,124.3,125.8,11.849998,636,555,0.1595085271,USD,2023-09-29,30
SPXW230929C04450000,2023-08-30 20:14:17+00:00,4450,116.2,116.5,118,10.799995,67,9425,0.1563347307,USD,2023-09-29,30
SPXW230929C04455000,2023-08-30 20:10:04+00:00,4455,112.3,112.9,113.8,9.660004,220,144,0.1540459352,USD,2023-09-29,30
SPXW230929C04460000,2023-08-30 19:37:25+00:00,4460,108.08,109.1,110.2,9.080002,285,360,0.1528862788,USD,2023-09-29,30
SPXW230929C04465000,2023-08-30 20:04:51+00:00,4465,103.5,105.1,106.6,8.230003,112,220,0.1516465146,USD,2023-09-29,30
SPXW230929C04470000,2023-08-30 19:24:08+00:00,4470,100.77,101.6,102.7,8.57,1014,1185,0.1497391851,USD,2023-09-29,30
SPXW230929C04475000,2023-08-30 19:39:49+00:00,4475,95.8,97.8,99.2,6.0200043,163,1407,0.1485375674,USD,2023-09-29,30
SPXW230929C04480000,2023-08-30 17:26:48+00:00,4480,94.68,94.4,95.3,10.93,110,1499,0.1464738369,USD,2023-09-29,30
SPXW230929C04485000,2023-08-30 17:04:32+00:00,4485,93.4,90.6,92,11.470001,119,343,0.1454934695,USD,2023-09-29,30
SPXW230929C04490000,2023-08-30 19:22:54+00:00,4490,86.46,87.2,88.5,8.010002,106,1127,0.1440362697,USD,2023-09-29,30
SPXW230929C04495000,2023-08-30 17:26:37+00:00,4495,84.27,83.8,85.1,10.119995,116,571,0.142678251,USD,2023-09-29,30
SPXW230929C04500000,2023-08-30 20:10:32+00:00,4500,80.07,80.6,81.5,7.5699997,310,8619,0.1408472147,USD,2023-09-29,30
SPXW230929C04505000,2023-08-30 20:10:32+00:00,4505,76.79,77.1,78.4,8.160004,136,410,0.1398782912,USD,2023-09-29,30
SPXW230929C04510000,2023-08-30 19:38:14+00:00,4510,73.43,73.9,75.2,9.230003,134,723,0.1386194537,USD,2023-09-29,30
SPXW230929C04515000,2023-08-30 19:35:49+00:00,4515,69.83,70.7,72,10.130001,254,449,0.1372576204,USD,2023-09-29,30
SPXW230929C04520000,2023-08-30 19:35:52+00:00,4520,66.76,67.8,68.8,6.6600037,158,335,0.135796606,USD,2023-09-29,30
SPXW230929C04525000,2023-08-30 20:10:32+00:00,4525,64.29,64.8,65.6,6.9900017,1265,3306,0.1342249664,USD,2023-09-29,30
SPXW230929C04530000,2023-08-30 20:10:32+00:00,4530,61.36,61.8,62.6,7.0600014,730,402,0.1329241677,USD,2023-09-29,30
SPXW230929C04540000,2023-08-30 19:59:00+00:00,4540,54.1,56.1,57.1,5.699997,170,1157,0.1309405449,USD,2023-09-29,30
SPXW230929C04545000,2023-08-30 19:57:25+00:00,4545,52.4,53.3,54.2,5,1020,213,0.1294871598,USD,2023-09-29,30
SPXW230929C04550000,2023-08-30 19:56:24+00:00,4550,49.8,50.7,51.3,5.5,974,8702,0.1279078909,USD,2023-09-29,30
SPXW230929C04555000,2023-08-30 19:56:58+00:00,4555,45.4,48.1,49.1,3,137,2167,0.1275645716,USD,2023-09-29,30
SPXW230929C04560000,2023-08-30 19:56:58+00:00,4560,43,45.6,46.5,2.7000008,348,234,0.1263171781,USD,2023-09-29,30
SPXW230929C04565000,2023-08-30 19:56:10+00:00,4565,41.3,43.2,43.9,4.200001,241,210,0.1249362715,USD,2023-09-29,30
SPXW230929C04570000,2023-08-30 19:54:01+00:00,4570,38.6,40.7,41.7,2.5699997,197,1228,0.1242191156,USD,2023-09-29,30
SPXW230929C04575000,2023-08-30 19:59:50+00:00,4575,37.25,38.6,39.3,3.75,251,2736,0.1229679074,USD,2023-09-29,30
SPXW230929C04580000,2023-08-30 19:30:25+00:00,4580,36.1,36.3,37.3,4.199999,176,937,0.1223918938,USD,2023-09-29,30
SPXW230929C04585000,2023-08-30 19:59:50+00:00,4585,33.1,34.2,35.2,3.0999985,169,226,0.1214763757,USD,2023-09-29,30
SPXW230929C04590000,2023-08-30 19:34:51+00:00,4590,31.85,32.2,33.1,3.6499996,121,3079,0.1204197151,USD,2023-09-29,30
SPXW230929C04595000,2023-08-30 19:55:02+00:00,4595,28.79,30.3,31.2,2.290001,129,1318,0.1196453393,USD,2023-09-29,30
SPXW230929C04600000,2023-08-30 20:09:51+00:00,4600,28.4,28.5,29.2,3.369999,746,9712,0.1185047562,USD,2023-09-29,30
SPXW230929C04605000,2023-08-30 19:54:18+00:00,4605,25,26.7,27.6,1.7000008,119,281,0.118092773,USD,2023-09-29,30
SPXW230929C04610000,2023-08-30 19:54:18+00:00,4610,23.4,25,25.9,1.8999996,133,548,0.1173222119,USD,2023-09-29,30
SPXW230929C04615000,2023-08-30 19:54:18+00:00,4615,21.9,23.4,24.2,1.5,119,582,0.1163952497,USD,2023-09-29,30
SPXW230929C04620000,2023-08-30 19:54:07+00:00,4620,20.6,21.9,22.7,1.6000004,198,438,0.1157849043,USD,2023-09-29,30
SPXW230929C04625000,2023-08-30 20:02:53+00:00,4625,20.2,20.4,21.1,2.4000015,785,3480,0.1147778342,USD,2023-09-29,30
SPXW230929C04630000,2023-08-30 20:00:57+00:00,4630,18.62,19.1,19.8,2.0200005,301,1572,0.1143505924,USD,2023-09-29,30
SPXW230929C04635000,2023-08-30 19:54:01+00:00,4635,16.8,17.7,18.4,1.3999996,132,682,0.1135189967,USD,2023-09-29,30
SPXW230929C04640000,2023-08-30 19:54:02+00:00,4640,15.6,16.5,17.2,1.2000008,67,685,0.113045979,USD,2023-09-29,30
SPXW230929C04645000,2023-08-30 19:54:26+00:00,4645,14.4,15.4,15.9,1,56,145,0.1121495341,USD,2023-09-29,30
SPXW230929C04650000,2023-08-30 19:54:01+00:00,4650,13.5,14.3,14.8,0.77000046,745,14029,0.1116345551,USD,2023-09-29,30
SPXW230929C04655000,2023-08-30 19:54:26+00:00,4655,12.4,13.2,13.8,1.0999994,116,2910,0.1112530892,USD,2023-09-29,30
SPXW230929C04660000,2023-08-30 19:59:25+00:00,4660,12,12.3,12.8,1.3000002,206,868,0.1107190369,USD,2023-09-29,30
SPXW230929C04665000,2023-08-30 20:11:44+00:00,4665,11.4,11.4,11.9,1.2999992,513,40586,0.110337571,USD,2023-09-29,30
SPXW230929C04670000,2023-08-30 19:54:27+00:00,4670,10,10.5,11.1,0.8000002,105,9777,0.1101239501,USD,2023-09-29,30
SPXW230929C04675000,2023-08-30 20:04:52+00:00,4675,9.54,9.7,10.3,01.04,232,9824,0.1097653722,USD,2023-09-29,30
SPXW230929C04680000,2023-08-30 19:54:18+00:00,4680,8.5,9,9.5,1.3299999,158,283,0.1092542078,USD,2023-09-29,30
SPXW230929C04685000,2023-08-30 19:21:19+00:00,4685,8.66,8.3,8.9,1.29,317,258,0.1093076131,USD,2023-09-29,30
SPXW230929C04695000,2023-08-30 19:54:27+00:00,4695,6.8,7.1,7.5,0.5800004,72,110,0.1082318792,USD,2023-09-29,30
SPXW230929C04700000,2023-08-30 20:04:52+00:00,4700,6.54,6.5,7,0.40999985,1767,6628,0.1082623965,USD,2023-09-29,30
SPXW230929C04710000,2023-08-30 20:04:40+00:00,4710,5.6,5.6,6,0.5,104,666,0.1079419651,USD,2023-09-29,30
SPXW230929C04720000,2023-08-30 19:39:10+00:00,4720,5,4.8,5.1,0.5999999,51,1412,0.1075223526,USD,2023-09-29,30
SPXW230929C04725000,2023-08-30 19:55:52+00:00,4725,4.38,4.4,4.8,0.36000013,61,2751,0.1078809306,USD,2023-09-29,30
SPXW230929C04730000,2023-08-30 19:06:35+00:00,4730,4.62,4.1,4.4,0.88999987,59,101,0.1075833871,USD,2023-09-29,30
SPXW230929C04740000,2023-08-30 14:25:14+00:00,4740,3.3,3.5,3.8,0.5,59,226,0.1077512321,USD,2023-09-29,30
SPXW230929C04750000,2023-08-30 18:44:28+00:00,4750,3.34,3,3.3,0.26999998,297,6287,0.1080869221,USD,2023-09-29,30
SPXW230929C04755000,2023-08-30 14:59:09+00:00,4755,3,2.8,3.1,0.4000001,90,236,0.1084531294,USD,2023-09-29,30
SPXW230929C04765000,2023-08-30 18:55:52+00:00,4765,2.7,2.35,2.7,0.70000005,172,138,0.1088956299,USD,2023-09-29,30
SPXW230929C04770000,2023-08-30 18:26:19+00:00,4770,2.35,2.2,2.5,0.19999981,62,615,0.1089719231,USD,2023-09-29,30
SPXW230929C04780000,2023-08-30 14:36:45+00:00,4780,1.87,1.9,2.2,-0.08000004,54,351,0.1096738203,USD,2023-09-29,30
SPXW230929C04800000,2023-08-30 20:01:56+00:00,4800,1.55,1.5,1.7,0.049999952,100,4594,0.1110470976,USD,2023-09-29,30
SPXW230929C04875000,2023-08-30 19:54:00+00:00,4875,0.75,0.6,0.8,0.35,822,356,0.1196987445,USD,2023-09-29,30
SPXW230929C04880000,2023-08-30 17:52:14+00:00,4880,0.71,0.6,0.75,0.20999998,74,317,0.1200039172,USD,2023-09-29,30
SPXW230929C04900000,2023-08-30 19:51:00+00:00,4900,0.6,0.45,0.65,0.100000024,62,3156,0.1230556445,USD,2023-09-29,30
SPXW230929C04930000,2023-08-30 19:43:13+00:00,4930,0.45,0.35,0.5,0.24999999,65,189,0.1267177173,USD,2023-09-29,30
SPXW230929C05000000,2023-08-30 15:44:05+00:00,5000,0.28,0.2,0.35,0.030000001,1019,8575,0.1384363501,USD,2023-09-29,30
SPXW230929C05100000,2023-08-30 17:23:21+00:00,5100,0.15,0.1,0.25,0.050000004,147,184,0.1562584375,USD,2023-09-29,30
SPXW230929C05700000,2023-08-30 14:09:08+00:00,5700,0.05,0,0.1,0,140,427,0.2578199219,USD,2023-09-29,30
SPXW231002C04000000,2023-08-30 17:37:39+00:00,4000,536.04,533.9,538.9,48.179993,90,501,0.3304510315,USD,2023-10-02,33
SPXW231002C05000000,2023-08-30 17:37:39+00:00,5000,0.3,0.2,0.35,-0.049999982,90,503,0.1322108264,USD,2023-10-02,33
SPXW231006C04480000,2023-08-30 19:29:26+00:00,4480,103.17,104.4,106,9.949997,124,273,0.1510476131,USD,2023-10-06,37
SPXW231006C04500000,2023-08-30 17:03:40+00:00,4500,92.93,90.6,92.2,11.340004,129,300,0.1457070904,USD,2023-10-06,37
SPXW231006C04540000,2023-08-30 19:41:01+00:00,4540,64.45,65.8,66.9,7.749996,66,737,0.1352358511,USD,2023-10-06,37
SPXW231006C04550000,2023-08-30 19:54:08+00:00,4550,57.64,60.4,61.4,3.2399979,125,307,0.1331625839,USD,2023-10-06,37
SPXW231006C04560000,2023-08-30 19:54:01+00:00,4560,52.5,54.9,56,2.9000015,62,232,0.1308756957,USD,2023-10-06,37
SPXW231006C04600000,2023-08-30 19:27:40+00:00,4600,36.35,36.8,37.5,3.75,231,1850,0.1230976058,USD,2023-10-06,37
SPXW231006C04625000,2023-08-30 19:26:38+00:00,4625,27.72,27.5,28.6,3.8599987,118,255,0.1196300806,USD,2023-10-06,37
SPXW231006C04650000,2023-08-30 20:03:52+00:00,4650,20.04,20.3,21.2,1.7700005,103,1501,0.1163113272,USD,2023-10-06,37
SPXW231006C04850000,2023-08-30 16:02:51+00:00,4850,1.5,1.35,1.6,0.14999998,74,318,0.113045979,USD,2023-10-06,37
SPXW231013C04450000,2023-08-30 19:52:10+00:00,4450,131.8,135.1,139,9.7400055,74,23,0.1645591357,USD,2023-10-13,44
SPXW231013C04550000,2023-08-30 19:39:28+00:00,4550,68.5,69.3,70.5,10.459999,495,481,0.1369085791,USD,2023-10-13,44
SPXW231013C04650000,2023-08-30 19:57:45+00:00,4650,25.7,26.5,27.5,2.4000015,163,135,0.119805555,USD,2023-10-13,44
SPXW231013C04700000,2023-08-30 19:58:30+00:00,4700,14.4,14.7,15.4,1.6199999,561,112,0.1143734804,USD,2023-10-13,44
SPXW231020C04300000,2023-08-30 20:00:04+00:00,4300,266.75,267.7,271.2,18.75,153,164,0.207886034,USD,2023-10-20,51
SPX231020C04400000,2023-08-30 19:50:22+00:00,4400,179.74,182.6,185.4,12.860001,790,11022,0.1776739338,USD,2023-10-20,51
SPX231020C04450000,2023-08-30 19:55:02+00:00,4450,141,143.9,146.5,5.550003,150,6678,0.1645209892,USD,2023-10-20,51
SPX231020C04470000,2023-08-30 18:59:41+00:00,4470,130.6,129.2,131.8,35.420006,58,1125,0.1594532145,USD,2023-10-20,51
SPX231020C04475000,2023-08-30 19:30:57+00:00,4475,125.48,125.5,128,7.580002,104,3841,0.1578872969,USD,2023-10-20,51
SPX231020C04480000,2023-08-30 16:29:06+00:00,4480,124.2,122.2,125,11.709999,55,476,0.1574676844,USD,2023-10-20,51
SPXW231020C04525000,2023-08-30 17:52:06+00:00,4525,91.6,93.2,94.4,5.4000015,119,357,0.1459931898,USD,2023-10-20,51
SPX231020C04550000,2023-08-30 19:59:48+00:00,4550,76.3,77.6,79.9,6.300003,2276,12424,0.1412935298,USD,2023-10-20,51
SPXW231020C04580000,2023-08-30 18:21:46+00:00,4580,60.31,62.2,63.2,3.9500008,66,515,0.1345186952,USD,2023-10-20,51
SPX231020C04600000,2023-08-30 19:56:00+00:00,4600,50.83,52,54,4.790001,949,23825,0.1314917632,USD,2023-10-20,51
SPXW231020C04630000,2023-08-30 20:00:04+00:00,4630,39.7,40.2,41.2,2.7000008,202,551,0.1262027383,USD,2023-10-20,51
SPX231020C04640000,2023-08-30 17:15:05+00:00,4640,37.4,35.8,37.4,4.9400024,2214,424,0.1245357323,USD,2023-10-20,51
SPX231020C04650000,2023-08-30 19:14:45+00:00,4650,33.8,32.7,33.7,4.2199993,66,11711,0.1226779933,USD,2023-10-20,51
SPX231020C04670000,2023-08-30 19:56:16+00:00,4670,25.7,26.6,27.7,2.8500004,202,668,0.1204082711,USD,2023-10-20,51
SPXW231020C04700000,2023-08-30 19:50:45+00:00,4700,19.05,19.5,20.2,1.8299999,115,1271,0.1172878799,USD,2023-10-20,51
SPXW231020C04705000,2023-08-30 16:17:57+00:00,4705,19.95,18.4,19.1,3.25,109,332,0.1167652716,USD,2023-10-20,51
SPXW231020C04720000,2023-08-30 20:09:36+00:00,4720,15.7,15.5,16.2,1.9299994,89,714,0.1155712833,USD,2023-10-20,51
SPXW231020C04770000,2023-08-30 19:01:31+00:00,4770,9.4,8.7,9.1,1.3999996,51,732,0.112565332,USD,2023-10-20,51
SPXW231020C04775000,2023-08-30 18:38:59+00:00,4775,8.45,8.2,8.6,0.9499998,61,399,0.1124280042,USD,2023-10-20,51
SPXW231020C04780000,2023-08-30 19:46:06+00:00,4780,7.7,7.7,8.1,0.7999997,90,231,0.1122143833,USD,2023-10-20,51
SPXW231020C04790000,2023-08-30 15:04:51+00:00,4790,6.6,6.8,7.2,0.4499998,95,262,0.1119092106,USD,2023-10-20,51
SPX231020C04800000,2023-08-30 19:10:49+00:00,4800,6.3,5.8,6.3,0.84000015,1018,9186,0.1112607185,USD,2023-10-20,51
SPXW231020C04810000,2023-08-30 15:24:14+00:00,4810,5.3,5.3,5.8,0.5600004,59,253,0.1119778745,USD,2023-10-20,51
SPXW231020C04825000,2023-08-30 19:37:39+00:00,4825,4.7,4.4,4.8,1.0999999,118,1343,0.1114743394,USD,2023-10-20,51
SPX231020C04840000,2023-08-30 19:55:55+00:00,4840,3.67,3.5,4.1,0.17000008,68,1270,0.1118329174,USD,2023-10-20,51
SPX231020C04900000,2023-08-30 19:49:13+00:00,4900,02.01,1.85,2.15,0.14999998,811,5000,0.1133511517,USD,2023-10-20,51
SPX231020C04950000,2023-08-30 19:35:13+00:00,4950,1.32,1.15,1.4,0.07000005,51,2328,0.1168301208,USD,2023-10-20,51
SPXW231031C04595000,2023-08-30 16:23:23+00:00,4595,68.03,66.5,67.6,11.879997,177,27,0.1360579101,USD,2023-10-31,62
SPXW231031C04600000,2023-08-30 19:21:14+00:00,4600,64.23,64.1,65.2,6.1500015,186,555,0.1352434804,USD,2023-10-31,62
SPXW231031C04655000,2023-08-30 14:15:29+00:00,4655,43.88,41.1,41.9,5.7800026,90,69,0.1265269843,USD,2023-10-31,62
SPXW231031C04660000,2023-08-30 17:52:01+00:00,4660,39.31,39.3,40.1,4.7299995,87,164,0.1258021991,USD,2023-10-31,62
SPXW231031C04665000,2023-08-30 14:15:29+00:00,4665,40.32,37.6,38.4,7.919998,90,109,0.1251689657,USD,2023-10-31,62
SPXW231031C04700000,2023-08-30 19:09:52+00:00,4700,28.05,27.2,27.8,4.8999996,88,2709,0.1208622155,USD,2023-10-31,62
SPXW231031C04790000,2023-08-30 17:34:12+00:00,4790,11.3,10.6,11.2,5.76,51,57,0.1140797516,USD,2023-10-31,62
SPXW231031C04800000,2023-08-30 19:25:58+00:00,4800,9.8,9.4,10,1.1999998,211,2455,0.1134198156,USD,2023-10-31,62
SPXW231031C04860000,2023-08-30 15:10:20+00:00,4860,5,4.9,5.3,1.7,118,12,0.1121152022,USD,2023-10-31,62
SPXW231031C04875000,2023-08-30 14:38:51+00:00,4875,4,4.1,4.6,1.3599999,62,135,0.1124203749,USD,2023-10-31,62
SPXW231031C04890000,2023-08-30 16:15:47+00:00,4890,3.91,3.5,4,-0.60000014,58,501,0.1128018408,USD,2023-10-31,62
SPXW231031C04950000,2023-08-30 15:35:58+00:00,4950,2.15,2,2.25,0.20000005,68,548,0.1142971872,USD,2023-10-31,62
SPXW231031C04990000,2023-08-30 15:35:58+00:00,4990,1.55,1.4,1.65,0.44999993,83,37,0.116738569,USD,2023-10-31,62
SPX231117C04000000,2023-08-30 19:08:52+00:00,4000,570.19,569,572.3,83.20001,500,21983,0.287406418,USD,2023-11-17,79
SPX231117C04400000,2023-08-30 19:45:45+00:00,4400,213.1,215.6,218.4,12.520004,80,3949,0.1852231442,USD,2023-11-17,79
SPXW231117C04515000,2023-08-30 19:11:52+00:00,4515,135.6,133.9,135,47.500008,301,203,0.1601493898,USD,2023-11-17,79
SPXW231117C04525000,2023-08-30 16:24:24+00:00,4525,129,127.2,128.8,16.300003,207,267,0.1584804764,USD,2023-11-17,79
SPXW231117C04530000,2023-08-30 18:18:54+00:00,4530,121.4,124.2,125.3,7.6800003,252,227,0.1571186431,USD,2023-11-17,79
SPXW231117C04540000,2023-08-30 16:15:50+00:00,4540,119.55,117.7,119.2,11.760002,201,366,0.1553543633,USD,2023-11-17,79
SPXW231117C04560000,2023-08-30 19:35:52+00:00,4560,105.36,105.7,107.2,7.5599976,201,416,0.1516179047,USD,2023-11-17,79
SPX231117C04600000,2023-08-30 19:58:08+00:00,4600,81.5,83.3,84.5,4.449997,111,8336,0.1437616142,USD,2023-11-17,79
SPX231117C04650000,2023-08-30 19:12:24+00:00,4650,61.2,59.9,61.1,6.16,100,5421,0.1359949683,USD,2023-11-17,79
SPX231117C04675000,2023-08-30 18:43:11+00:00,4675,51.24,50.1,51.5,6.2400017,250,3409,0.1329966462,USD,2023-11-17,79
SPXW231117C04700000,2023-08-30 19:59:47+00:00,4700,41.72,41.9,42.9,4.1500015,129,614,0.1300936906,USD,2023-11-17,79
SPXW231117C04725000,2023-08-30 13:33:08+00:00,4725,33.7,34.3,35.3,2.5900002,75,435,0.1273051748,USD,2023-11-17,79
SPX231117C04750000,2023-08-30 19:47:27+00:00,4750,27.73,27.5,28.6,3.4300003,547,3958,0.124516659,USD,2023-11-17,79
SPXW231117C04780000,2023-08-30 18:08:52+00:00,4780,20.9,21.4,22.4,7.2,57,101,0.1224643724,USD,2023-11-17,79
SPX231117C04800000,2023-08-30 18:50:45+00:00,4800,18.45,17.7,18.5,3.3000011,292,6496,0.1203930125,USD,2023-11-17,79
SPX231117C04890000,2023-08-30 19:58:15+00:00,4890,7.6,7.6,8.2,0.6999998,520,68,0.1166164999,USD,2023-11-17,79
SPX231117C05000000,2023-08-30 19:55:40+00:00,5000,3,2.85,3.3,0.29999995,877,23055,0.1178524495,USD,2023-11-17,79
SPXW231117C05025000,2023-08-30 12:30:22+00:00,5025,2.35,2.4,2.7,1.1299999,71,69,0.118462795,USD,2023-11-17,79
SPXW231117C05150000,2023-08-30 14:20:31+00:00,5150,01.05,1,1.2,0.49999994,66,16,0.12500875,USD,2023-11-17,79
SPXW231130C04500000,2023-08-30 16:21:31+00:00,4500,157.6,156.9,158.7,12.810013,310,354,0.1665065192,USD,2023-11-30,92
SPXW231130C04675000,2023-08-30 15:47:34+00:00,4675,62.15,61,62.4,6.200001,80,49,0.1369162084,USD,2023-11-30,92
SPXW231130C04685000,2023-08-30 18:29:27+00:00,4685,55.6,57.1,58.5,26.099998,64,4,0.1356669076,USD,2023-11-30,92
SPXW231130C04925000,2023-08-30 19:58:10+00:00,4925,8.2,8.2,8.7,4.1499996,61,109,0.1170055952,USD,2023-11-30,92
SPXW231130C05050000,2023-08-30 20:08:43+00:00,5050,3.2,3,3.3,0.5,90,117,0.1179440013,USD,2023-11-30,92
SPXW231130C05100000,2023-08-30 19:58:29+00:00,5100,2.2,2.1,2.35,0.9000001,59,44,0.1196682272,USD,2023-11-30,92
SPX231215C04400000,2023-08-30 19:32:00+00:00,4400,245.17,245.8,249.1,9.860001,115,48345,0.1923584641,USD,2023-12-15,107
SPX231215C04450000,2023-08-30 19:46:28+00:00,4450,206.68,208.7,212.1,12.37999,52,25265,0.182774133,USD,2023-12-15,107
SPX231215C04550000,2023-08-30 17:11:52+00:00,4550,143.77,142,143,11.270004,243,28576,0.1626155669,USD,2023-12-15,107
SPXW231215C04575000,2023-08-30 20:01:29+00:00,4575,126.24,126.9,128.6,6.3899994,54,294,0.1590088067,USD,2023-12-15,107
SPX231215C04590000,2023-08-30 19:11:08+00:00,4590,119.2,118,119.4,32.579994,68,234,0.1559360988,USD,2023-12-15,107
SPX231215C04600000,2023-08-30 17:17:54+00:00,4600,113.87,112.6,113.6,9.910004,155,41078,0.1540859891,USD,2023-12-15,107
SPX231215C04650000,2023-08-30 17:38:36+00:00,4650,87.8,86.9,87.9,7.300003,133,12404,0.1464128023,USD,2023-12-15,107
SPX231215C04660000,2023-08-30 19:11:08+00:00,4660,83.3,81.9,83.6,28.140003,68,105,0.1453904737,USD,2023-12-15,107
SPXW231215C04670000,2023-08-30 19:47:28+00:00,4670,77.9,78.1,79.1,5.9300003,197,213,0.1440171964,USD,2023-12-15,107
SPX231215C04675000,2023-08-30 18:21:02+00:00,4675,74.2,74.9,76.6,11.279999,74,3137,0.1430005897,USD,2023-12-15,107
SPXW231215C04680000,2023-08-30 20:00:36+00:00,4680,72.9,73.6,74.5,5.5,233,58,0.1423921516,USD,2023-12-15,107
SPXW231215C04690000,2023-08-30 14:21:28+00:00,4690,68.1,69.4,70.8,4.0999985,202,46,0.1416330344,USD,2023-12-15,107
SPXW231215C04700000,2023-08-30 19:41:45+00:00,4700,64.79,65.4,66.3,4.59,207,99,0.139824886,USD,2023-12-15,107
SPXW231215C04740000,2023-08-30 18:22:24+00:00,4740,50.2,50.9,52.2,3.7999992,88,350,0.135623039,USD,2023-12-15,107
SPXW231215C04750000,2023-08-30 18:22:22+00:00,4750,47,47.7,48.8,4.200001,72,94,0.1343432209,USD,2023-12-15,107
SPXW231215C04800000,2023-08-30 17:23:47+00:00,4800,35,33.9,34.9,3.7000008,57,695,0.1295901556,USD,2023-12-15,107
SPX231215C04850000,2023-08-30 19:15:35+00:00,4850,24.03,23.4,24.2,3.130001,1169,8772,0.1254321772,USD,2023-12-15,107
SPX231215C04875000,2023-08-30 14:31:01+00:00,4875,17.5,19.4,20,0.27000046,738,8247,0.1237155806,USD,2023-12-15,107
SPX231215C04900000,2023-08-30 20:10:32+00:00,4900,15.92,16,16.6,1.6199999,4702,14475,0.1225215923,USD,2023-12-15,107
SPX231215C05025000,2023-08-30 19:10:47+00:00,5025,6.4,5.9,6.5,1.5,1366,2364,0.1197140031,USD,2023-12-15,107
SPX231215C05150000,2023-08-30 16:15:45+00:00,5150,1.98,2.55,2.9,0.31000006,125,6175,0.1223842645,USD,2023-12-15,107
SPXW231215C05250000,2023-08-30 19:08:07+00:00,5250,1.7,1.55,1.7,0.75000006,266,7,0.1267634932,USD,2023-12-15,107
SPXW231215C05500000,2023-08-30 15:42:13+00:00,5500,0.55,0.45,0.6,0.100000024,285,218,0.1407556628,USD,2023-12-15,107
SPXW231229C04600000,2023-08-30 19:56:14+00:00,4600,126,128.2,129.4,7.0699997,60,4734,0.1603553814,USD,2023-12-29,121
SPXW231229C04700000,2023-08-30 19:54:39+00:00,4700,76.1,78.2,79.2,3.0800018,780,2965,0.1453370684,USD,2023-12-29,121
SPXW231229C04720000,2023-08-30 13:52:31+00:00,4720,70.03,69.6,71.2,29.079998,100,1265,0.143013941,USD,2023-12-29,121
SPXW231229C05000000,2023-08-30 19:11:34+00:00,5000,10.17,10.2,10.8,1.2700005,320,6571,0.1212741987,USD,2023-12-29,121
SPXW231229C05100000,2023-08-30 17:29:27+00:00,5100,5.2,5,5.4,1,125,2676,0.1204159004,USD,2023-12-29,121
SPX240119C04350000,2023-08-30 17:18:21+00:00,4350,324.5,321.9,325.8,18.019989,71,2531,0.2116739905,USD,2024-01-19,142
SPX240119C04600000,2023-08-30 19:45:26+00:00,4600,146.82,148.3,149.4,7.5200043,420,8510,0.1660220575,USD,2024-01-19,142
SPX240119C04625000,2023-08-30 19:11:19+00:00,4625,134.95,133.7,135.3,9.419998,184,4095,0.1622875062,USD,2024-01-19,142
SPX240119C04700000,2023-08-30 19:21:45+00:00,4700,95.13,95.8,96.9,5.6299973,122,7198,0.1512784,USD,2024-01-19,142
SPX240119C04750000,2023-08-30 19:45:26+00:00,4750,73.98,73.9,75.9,6.1900024,185,6237,0.1451997407,USD,2024-01-19,142
SPX240119C04825000,2023-08-30 15:42:23+00:00,4825,49.74,49.3,50.2,19.940002,150,1601,0.1368799692,USD,2024-01-19,142
SPX240119C04900000,2023-08-30 20:10:32+00:00,4900,30.94,31,31.9,2.3900013,93,5980,0.1305133031,USD,2024-01-19,142
SPX240119C05000000,2023-08-30 18:20:47+00:00,5000,15.75,15.8,16.6,0.9899998,1309,23235,0.1246578014,USD,2024-01-19,142
SPX240119C05100000,2023-08-30 18:52:53+00:00,5100,8.5,8.1,8.7,1.1700001,103,6713,0.1222774541,USD,2024-01-19,142
SPX240119C05200000,2023-08-30 20:09:40+00:00,5200,4.48,4.3,4.8,0.79999995,350,4173,0.12265892,USD,2024-01-19,142
SPX240119C05300000,2023-08-30 14:07:00+00:00,5300,2.65,2.5,2.9,0.42000008,201,2537,0.12534444,USD,2024-01-19,142
SPX240216C04425000,2023-08-30 17:16:40+00:00,4425,295,294.4,296.7,20.660004,66,1478,0.2042411272,USD,2024-02-16,170
SPX240216C04500000,2023-08-30 18:18:17+00:00,4500,239.85,241.4,242.8,17.190002,1106,7609,0.1912197883,USD,2024-02-16,170
SPX240216C04800000,2023-08-30 19:21:03+00:00,4800,78.43,78,79.2,5.6200027,509,4798,0.1482247654,USD,2024-02-16,170
SPX240216C04825000,2023-08-30 19:36:38+00:00,4825,68.75,68.7,70.5,4.75,71,1069,0.1457948275,USD,2024-02-16,170
SPX240216C05100000,2023-08-30 19:43:10+00:00,5100,14.1,13.9,14.8,1.4000006,103,818,0.1260997425,USD,2024-02-16,170
SPX240216C05700000,2023-08-30 16:50:02+00:00,5700,0.9,0.75,1,0.14999998,80,76,0.1370630728,USD,2024-02-16,170
SPX240315C04400000,2023-08-30 18:33:44+00:00,4400,334.77,338.4,340.9,9.470001,99,13592,0.2131664759,USD,2024-03-15,198
SPX240315C04450000,2023-08-30 19:17:18+00:00,4450,302.03,302,304.4,15.350006,79,3262,0.2051413868,USD,2024-03-15,198
SPX240315C04500000,2023-08-30 18:37:14+00:00,4500,264,267.5,269,6.880005,1579,13869,0.1970314215,USD,2024-03-15,198
SPX240315C04575000,2023-08-30 19:32:00+00:00,4575,216.92,218.1,219.5,26.440002,152,695,0.1856103321,USD,2024-03-15,198
SPX240315C04600000,2023-08-30 18:01:02+00:00,4600,201.25,202.5,203.9,7.5,324,15774,0.1818948541,USD,2024-03-15,198
SPX240315C04650000,2023-08-30 18:57:30+00:00,4650,173.9,172.9,174.3,44.869995,131,3718,0.174691824,USD,2024-03-15,198
SPX240315C04700000,2023-08-30 19:25:53+00:00,4700,145.12,145.7,146.9,8.519989,126,12929,0.1677453298,USD,2024-03-15,198
SPX240315C04750000,2023-08-30 17:51:56+00:00,4750,120.57,120.9,122.1,5.8499985,126,3629,0.1612575483,USD,2024-03-15,198
SPX240315C04825000,2023-08-30 19:35:44+00:00,4825,88.91,88.5,90.5,5.6600037,76,189,0.1528538542,USD,2024-03-15,198
SPX240315C04850000,2023-08-30 19:25:53+00:00,4850,79.64,79.7,80.8,4.5999985,1313,1909,0.1498269222,USD,2024-03-15,198
SPX240315C04900000,2023-08-30 19:36:46+00:00,4900,63.12,63.2,64.3,4.079998,276,7019,0.1448964753,USD,2024-03-15,198
SPX240315C05000000,2023-08-30 19:01:32+00:00,5000,39.2,37.9,38.8,3.9700012,1038,32552,0.1363153996,USD,2024-03-15,198
SPX240315C05100000,2023-08-30 19:36:46+00:00,5100,22.22,21.9,22.9,1.5999985,226,12034,0.1308299198,USD,2024-03-15,198
SPX240315C05200000,2023-08-30 19:20:12+00:00,5200,13.1,12.6,13.3,1.3000002,1067,8230,0.1273852826,USD,2024-03-15,198
SPX240315C05300000,2023-08-30 15:38:06+00:00,5300,7.5,7.3,7.9,0.8000002,116,4783,0.1261035572,USD,2024-03-15,198
SPX240315C05700000,2023-08-30 15:44:09+00:00,5700,1.45,1.3,1.6,0.23000002,280,20,0.1344385873,USD,2024-03-15,198
SPXW240328C04375000,2023-08-30 16:45:37+00:00,4375,373.93,368.7,375.3,45.039978,60,90,0.2223092601,USD,2024-03-28,211
SPXW240328C04425000,2023-08-30 14:54:43+00:00,4425,329.68,333.7,336.4,14.690002,52,188,0.2129728819,USD,2024-03-28,211
SPXW240328C04500000,2023-08-30 18:51:34+00:00,4500,281.35,280.8,283.3,15.450012,62,409,0.2013553376,USD,2024-03-28,211
SPXW240328C05100000,2023-08-30 19:20:55+00:00,5100,27.27,26.6,27.7,3.4700012,254,201,0.133748134,USD,2024-03-28,211
SPXW240328C05900000,2023-08-30 15:43:34+00:00,5900,0.9,0.8,1,0.14999998,135,144,0.1388330746,USD,2024-03-28,211
SPX240419C04525000,2023-08-30 18:50:50+00:00,4525,284.09,283.6,286,45.050003,204,485,0.2017043789,USD,2024-04-19,233
SPX240419C04700000,2023-08-30 18:50:50+00:00,4700,177.36,176.4,178.4,15.089996,410,1027,0.1771427425,USD,2024-04-19,233
SPX240419C04775000,2023-08-30 18:41:19+00:00,4775,138.45,137.6,139.5,7.0099945,213,1045,0.1673657712,USD,2024-04-19,233
SPX240419C04900000,2023-08-30 19:08:11+00:00,4900,87.42,85.7,87.8,7.3600006,212,3488,0.1538037044,USD,2024-04-19,233
SPX240419C05100000,2023-08-30 19:59:38+00:00,5100,34.73,34.7,35.6,2.630001,119,2015,0.1373033963,USD,2024-04-19,233
SPX240419C05300000,2023-08-30 19:42:37+00:00,5300,12.8,12.6,13.3,1,91,2673,0.1293498321,USD,2024-04-19,233
SPX240517C04600000,2023-08-30 13:44:18+00:00,4600,254.5,259.8,261.8,48.130005,70,1142,0.1964926009,USD,2024-05-17,261
SPX240517C04650000,2023-08-30 15:18:44+00:00,4650,227.25,228.7,231.7,55.03,60,331,0.1901707571,USD,2024-05-17,261
SPX240517C04800000,2023-08-30 17:52:41+00:00,4800,147.42,147.5,150.2,6.2400055,55,892,0.1710545466,USD,2024-05-17,261
SPX240517C05000000,2023-08-30 15:56:19+00:00,5000,71.65,71.1,72.8,4.4100037,56,1542,0.1505402635,USD,2024-05-17,261
SPX240517C05200000,2023-08-30 15:56:19+00:00,5200,29.65,29.2,30.7,2.4499989,56,432,0.1373091183,USD,2024-05-17,261
SPX240621C04100000,2023-08-30 13:57:16+00:00,4100,654.34,652.8,658.9,51.77002,60,6211,0.2711826728,USD,2024-06-21,296
SPX240621C04300000,2023-08-30 18:36:51+00:00,4300,495.04,497.6,502.3,9.790009,82,9477,0.2433814371,USD,2024-06-21,296
SPX240621C04500000,2023-08-30 19:52:27+00:00,4500,351.77,355.3,356.9,11.029999,439,11039,0.2156450507,USD,2024-06-21,296
SPX240621C04550000,2023-08-30 19:52:56+00:00,4550,319.03,321.7,323.3,13.630005,66,2626,0.2090132658,USD,2024-06-21,296
SPX240621C04625000,2023-08-30 19:16:52+00:00,4625,273.77,273.2,275.5,39.669983,60,2837,0.1993984175,USD,2024-06-21,296
SPX240621C04675000,2023-08-30 18:04:31+00:00,4675,240.77,242.4,244.6,7.5700073,140,942,0.1926493318,USD,2024-06-21,296
SPX240621C04700000,2023-08-30 17:55:37+00:00,4700,226.38,228.7,230.1,11.169998,76,9819,0.1895565969,USD,2024-06-21,296
SPX240621C04750000,2023-08-30 20:08:51+00:00,4750,199.98,200.7,202.1,7.3799896,240,3944,0.1833425172,USD,2024-06-21,296
SPX240621C04775000,2023-08-30 20:11:35+00:00,4775,187.23,187.1,189.2,9.809998,66,1282,0.1805845187,USD,2024-06-21,296
SPX240621C04900000,2023-08-30 20:01:46+00:00,4900,128.3,128.6,129.8,6.4300003,100,8909,0.1663081569,USD,2024-06-21,296
SPX240621C04925000,2023-08-30 19:16:52+00:00,4925,119.19,118.1,120,8.9900055,152,211,0.1640317591,USD,2024-06-21,296
SPX240621C05000000,2023-08-30 20:11:35+00:00,5000,91.13,91.1,92.2,5.209999,289,26818,0.1565617029,USD,2024-06-21,296
SPX240621C05025000,2023-08-30 19:42:09+00:00,5025,82.82,82.9,84.6,5.6500015,111,274,0.1547020566,USD,2024-06-21,296
SPX240621C05100000,2023-08-30 19:47:35+00:00,5100,62.7,62.4,63.4,4.7800026,385,5464,0.1485070502,USD,2024-06-21,296
SPX240621C05150000,2023-08-30 19:16:28+00:00,5150,51.75,50.5,52,4.6500015,296,1417,0.1450872083,USD,2024-06-21,296
SPX240621C05200000,2023-08-30 18:56:20+00:00,5200,42.1,41.5,42.3,2.8999977,53,6651,0.1419649098,USD,2024-06-21,296
SPX240621C05250000,2023-08-30 17:00:34+00:00,5250,34.44,33.5,34.7,3.579998,122,623,0.1397867394,USD,2024-06-21,296
SPX240621C05300000,2023-08-30 18:09:21+00:00,5300,26.8,27,28.1,1.3999996,229,3687,0.1375551638,USD,2024-06-21,296
SPX240621C05400000,2023-08-30 17:16:34+00:00,5400,17.94,17.5,18.3,1.7300014,142,11964,0.1340609361,USD,2024-06-21,296
SPX240621C05500000,2023-08-30 19:16:28+00:00,5500,11.95,11.4,12.2,1.8000002,74,3709,0.1323786714,USD,2024-06-21,296
SPX240621C05600000,2023-08-30 19:55:07+00:00,5600,7.8,7.5,8.2,0.6500001,121,6557,0.1315432611,USD,2024-06-21,296